<?xml version="1.0" encoding="UTF-8"?>
<export version="D">
  <design>
    <source>/home/kakoux/Phelma/FabLab/robair/AlimTexas/Alim-Robair-V2/Alim-Robair.sch</source>
    <date>lun. 24 avril 2017 15:10:14 CEST</date>
    <tool>Eeschema 4.0.6-e0-6349~53~ubuntu16.04.1</tool>
    <sheet number="1" name="/" tstamps="/">
      <title_block>
        <title/>
        <company/>
        <rev/>
        <date/>
        <source>Alim-Robair.sch</source>
        <comment number="1" value=""/>
        <comment number="2" value=""/>
        <comment number="3" value=""/>
        <comment number="4" value=""/>
      </title_block>
    </sheet>
  </design>
  <components>
    <comp ref="Cin-1">
      <value>4.7u</value>
      <footprint>Capacitors_SMD:C_1210_HandSoldering</footprint>
      <fields>
        <field name="Fabricant">Murata</field>
        <field name="Ref-Fabricant">GRM32ER71H475KA88L</field>
        <field name="Fournisseur">Digikey</field>
        <field name="Ref-Fournisseur">490-1864-1-ND</field>
        <field name="Unité de vente">1</field>
        <field name="Prix">1.05</field>
        <field name="manf#">490-1864-1-ND</field>
      </fields>
      <libsource lib="device" part="C"/>
      <sheetpath names="/" tstamps="/"/>
      <tstamp>570D5678</tstamp>
    </comp>
    <comp ref="Ccomp2-1">
      <value>7p</value>
      <footprint>Capacitors_SMD:C_1206_HandSoldering</footprint>
      <fields>
        <field name="Fabricant">Yageo</field>
        <field name="Ref-Fabricant">CC0805DRNPO9BN7R0</field>
        <field name="Fournisseur">Digikey</field>
        <field name="Ref-Fournisseur">311-1096-1-ND</field>
        <field name="Unité de vente">1</field>
        <field name="Prix">0.09</field>
        <field name="manf#">311-1096-1-ND</field>
      </fields>
      <libsource lib="device" part="C"/>
      <sheetpath names="/" tstamps="/"/>
      <tstamp>570D5700</tstamp>
    </comp>
    <comp ref="Ccomp-1">
      <value>330p</value>
      <footprint>Capacitors_SMD:C_1206_HandSoldering</footprint>
      <fields>
        <field name="Fabricant">Samsung</field>
        <field name="Ref-Fabricant">CL31C331JBCNNNC</field>
        <field name="Fournisseur">Digikey</field>
        <field name="Ref-Fournisseur">1276-1846-1-ND</field>
        <field name="Unité de vente">1</field>
        <field name="Prix">0.17</field>
        <field name="manf#">1276-1846-1-ND</field>
      </fields>
      <libsource lib="device" part="C"/>
      <sheetpath names="/" tstamps="/"/>
      <tstamp>570D5732</tstamp>
    </comp>
    <comp ref="Css-1">
      <value>8.2n</value>
      <footprint>Capacitors_SMD:C_1206_HandSoldering</footprint>
      <fields>
        <field name="Fabricant">Yageo</field>
        <field name="Ref-Fabricant">CC1206KRX7R9BB822</field>
        <field name="Fournisseur">Digikey</field>
        <field name="Ref-Fournisseur">311-1211-1-ND</field>
        <field name="Unité de vente">1</field>
        <field name="Prix">0.17</field>
        <field name="manf#">311-1211-1-ND</field>
      </fields>
      <libsource lib="device" part="C"/>
      <sheetpath names="/" tstamps="/"/>
      <tstamp>570D5769</tstamp>
    </comp>
    <comp ref="Rcomp-1">
      <value>66.5K</value>
      <footprint>Resistors_SMD:R_1206_HandSoldering</footprint>
      <fields>
        <field name="Fabricant">Vishay Dale</field>
        <field name="Ref-Fabricant">CRCW120666K5FKEA</field>
        <field name="Fournisseur">Digikey</field>
        <field name="Ref-Fournisseur">541-66.5KFCT-ND</field>
        <field name="Unité de vente">1</field>
        <field name="Prix">0.09</field>
        <field name="manf#">541-66.5KFCT-ND</field>
      </fields>
      <libsource lib="device" part="R"/>
      <sheetpath names="/" tstamps="/"/>
      <tstamp>570D57A3</tstamp>
    </comp>
    <comp ref="P1">
      <value>Batt</value>
      <footprint>Connect:bornier2</footprint>
      <fields>
        <field name="Fabricant">Phoenix Contact</field>
        <field name="Ref-Fabricant">1935161</field>
        <field name="Fournisseur">Digikey</field>
        <field name="Ref-Fournisseur">277-1667-ND</field>
        <field name="Unité de vente">1</field>
        <field name="Prix">0.33</field>
        <field name="manf#">277-1667-ND</field>
      </fields>
      <libsource lib="conn" part="CONN_01X02"/>
      <sheetpath names="/" tstamps="/"/>
      <tstamp>570D587A</tstamp>
    </comp>
    <comp ref="U1">
      <value>TPS54332</value>
      <footprint>kic:Reg--TI--TPS54527DDAR</footprint>
      <fields>
        <field name="Fabricant">Texas Instruments</field>
        <field name="Ref-Fabricant">TPS54332DDAR</field>
        <field name="Fournisseur">Digikey</field>
        <field name="Ref-Fournisseur">296-39420-1-ND</field>
        <field name="Unité de vente">1</field>
        <field name="Prix">1.79</field>
        <field name="manf#">296-39420-1-ND</field>
      </fields>
      <libsource lib="tps54332" part="TPS54332"/>
      <sheetpath names="/" tstamps="/"/>
      <tstamp>570D68E6</tstamp>
    </comp>
    <comp ref="Cboot-1">
      <value>100n</value>
      <footprint>Capacitors_SMD:C_1206_HandSoldering</footprint>
      <fields>
        <field name="Fabricant">Wurth</field>
        <field name="Ref-Fabricant">885012208009</field>
        <field name="Fournisseur">Digikey</field>
        <field name="Ref-Fournisseur">732-8086-1-ND</field>
        <field name="Unité de vente">1</field>
        <field name="Prix">0.22</field>
        <field name="manf#">732-8086-1-ND</field>
      </fields>
      <libsource lib="device" part="C"/>
      <sheetpath names="/" tstamps="/"/>
      <tstamp>570DFA09</tstamp>
    </comp>
    <comp ref="D1-1">
      <value>D_Schottky</value>
      <footprint>Diodes_SMD:SOD-123</footprint>
      <fields>
        <field name="Fabricant">Diodes Inc.</field>
        <field name="Ref-Fabricant">1N5819HW-7-F </field>
        <field name="Fournisseur">Digikey</field>
        <field name="Ref-Fournisseur">1N5819HW-FDICT-ND</field>
        <field name="Unité de vente">1</field>
        <field name="Prix">0.39</field>
        <field name="manf#">1N5819HW-FDICT-ND</field>
      </fields>
      <libsource lib="device" part="D_Schottky"/>
      <sheetpath names="/" tstamps="/"/>
      <tstamp>570DFADB</tstamp>
    </comp>
    <comp ref="L1-1">
      <value>5.6u</value>
      <footprint>Choke_SMD:Choke_SMD_6.3x6.3_H3</footprint>
      <fields>
        <field name="Fabricant">Bourns</field>
        <field name="Ref-Fabricant">SRP5030T-5R6M </field>
        <field name="Fournisseur">Digikey</field>
        <field name="Ref-Fournisseur">SRP5030T-5R6MCT-ND</field>
        <field name="Unité de vente">1</field>
        <field name="Prix">1.17</field>
        <field name="manf#">SRP5030T-5R6MCT-ND</field>
      </fields>
      <libsource lib="Alim-Robair-cache" part="INDUCTOR_SMALL"/>
      <sheetpath names="/" tstamps="/"/>
      <tstamp>570DFBCC</tstamp>
    </comp>
    <comp ref="Rfbt-1">
      <value>10.2K</value>
      <footprint>Resistors_SMD:R_1206_HandSoldering</footprint>
      <fields>
        <field name="Fabricant">Vishay Dale</field>
        <field name="Ref-Fabricant">CRCW120610K2FKEA</field>
        <field name="Fournisseur">Digikey</field>
        <field name="Ref-Fournisseur">541-10.2KFCT-ND</field>
        <field name="Unité de vente">1</field>
        <field name="Prix">0.09</field>
        <field name="manf#">541-10.2KFCT-ND</field>
      </fields>
      <libsource lib="device" part="R"/>
      <sheetpath names="/" tstamps="/"/>
      <tstamp>570DFC7F</tstamp>
    </comp>
    <comp ref="Rfbb-1">
      <value>453</value>
      <footprint>Resistors_SMD:R_1206_HandSoldering</footprint>
      <fields>
        <field name="Fabricant">Vishay Dale</field>
        <field name="Ref-Fabricant">CRCW1206453RFKEA</field>
        <field name="Fournisseur">Farnell</field>
        <field name="Ref-Fournisseur">541-453FCT-ND</field>
        <field name="Unité de vente">1</field>
        <field name="Prix">0.09</field>
        <field name="manf#">541-453FCT-ND</field>
      </fields>
      <libsource lib="device" part="R"/>
      <sheetpath names="/" tstamps="/"/>
      <tstamp>570DFD27</tstamp>
    </comp>
    <comp ref="Cout-1">
      <value>10u</value>
      <footprint>Capacitors_SMD:C_1210_HandSoldering</footprint>
      <fields>
        <field name="Fabricant">Murata</field>
        <field name="Ref-Fabricant">GRM32ER7YA106KA12L</field>
        <field name="Fournisseur">Digikey</field>
        <field name="Ref-Fournisseur">490-5314-1-ND</field>
        <field name="Unité de vente">1</field>
        <field name="Prix">0.79</field>
        <field name="manf#">490-5314-1-ND</field>
      </fields>
      <libsource lib="device" part="C"/>
      <sheetpath names="/" tstamps="/"/>
      <tstamp>570DFD86</tstamp>
    </comp>
    <comp ref="Lfilter-1">
      <value>100n</value>
      <footprint>Choke_SMD:Choke_SMD_12x12mm_h4.5mm</footprint>
      <fields>
        <field name="Fabricant">Wurth Electronics Inc </field>
        <field name="Ref-Fabricant">744304010</field>
        <field name="Fournisseur">Digikey</field>
        <field name="Ref-Fournisseur">732-3705-1-ND</field>
        <field name="Unité de vente">1</field>
        <field name="Prix">2.26</field>
        <field name="manf#">732-3705-1-ND</field>
      </fields>
      <libsource lib="Alim-Robair-cache" part="INDUCTOR_SMALL"/>
      <sheetpath names="/" tstamps="/"/>
      <tstamp>570DFE96</tstamp>
    </comp>
    <comp ref="Cfilter-1">
      <value>1u</value>
      <footprint>Capacitors_SMD:C_1206_HandSoldering</footprint>
      <fields>
        <field name="Fabricant">Murata</field>
        <field name="Ref-Fabricant">GRM31MR71H105KA88L</field>
        <field name="Fournisseur">Digikey</field>
        <field name="Ref-Fournisseur">490-6527-1-ND</field>
        <field name="Unité de vente">1</field>
        <field name="Prix">0.17</field>
        <field name="manf#">490-6527-1-ND</field>
      </fields>
      <libsource lib="device" part="C"/>
      <sheetpath names="/" tstamps="/"/>
      <tstamp>570DFF0D</tstamp>
    </comp>
    <comp ref="Cin-2">
      <value>15u</value>
      <footprint>Capacitors_SMD:C_0805_HandSoldering</footprint>
      <fields>
        <field name="manf#">445-14423-1-ND</field>
        <field name="Fabricant">Murata</field>
        <field name="Ref-Fabricant">C2012X5R1V156M125AC</field>
        <field name="Fournisseur">Digikey</field>
        <field name="Ref-Fournisseur">445-14423-1-ND</field>
        <field name="Unité de vente">1</field>
        <field name="Prix">0.7</field>
      </fields>
      <libsource lib="device" part="C"/>
      <sheetpath names="/" tstamps="/"/>
      <tstamp>570E3862</tstamp>
    </comp>
    <comp ref="Cbyp-2">
      <value>100n</value>
      <footprint>Capacitors_SMD:C_0805_HandSoldering</footprint>
      <fields>
        <field name="manf#">399-1170-1-ND</field>
        <field name="Fabricant">Kamet</field>
        <field name="Ref-Fabricant">C0805C104K5RACTU</field>
        <field name="Fournisseur">Digikey</field>
        <field name="Ref-Fournisseur">399-1170-1-ND</field>
        <field name="Unité de vente">1</field>
        <field name="Prix">0.09</field>
      </fields>
      <libsource lib="device" part="C"/>
      <sheetpath names="/" tstamps="/"/>
      <tstamp>570E3868</tstamp>
    </comp>
    <comp ref="Css-2">
      <value>15nF</value>
      <footprint>Capacitors_SMD:C_0805_HandSoldering</footprint>
      <fields>
        <field name="manf#">311-1143-1-ND</field>
        <field name="Fabricant">Yageo</field>
        <field name="Ref-Fabricant">CC0805KRX7R9BB153</field>
        <field name="Fournisseur">Digikey</field>
        <field name="Ref-Fournisseur">311-1143-1-ND</field>
        <field name="Unité de vente">1</field>
        <field name="Prix">0.09</field>
      </fields>
      <libsource lib="device" part="C"/>
      <sheetpath names="/" tstamps="/"/>
      <tstamp>570E386E</tstamp>
    </comp>
    <comp ref="Ron-2">
      <value>75K</value>
      <footprint>Resistors_SMD:R_0805_HandSoldering</footprint>
      <fields>
        <field name="manf#">P75.0KCCT-ND</field>
        <field name="Fabricant">Panasonic</field>
        <field name="Ref-Fabricant">ERJ-6ENF7502V</field>
        <field name="Fournisseur">Digikey</field>
        <field name="Ref-Fournisseur">P75.0KCCT-ND</field>
        <field name="Unité de vente">1</field>
        <field name="Prix">0.09</field>
      </fields>
      <libsource lib="device" part="R"/>
      <sheetpath names="/" tstamps="/"/>
      <tstamp>570E387A</tstamp>
    </comp>
    <comp ref="Cvcc-2">
      <value>2,2u</value>
      <footprint>Capacitors_SMD:C_0805_HandSoldering</footprint>
      <fields>
        <field name="manf#">587-1293-1-ND</field>
        <field name="Fabricant">TDK</field>
        <field name="Ref-Fabricant">EMK212BJ225KG-T</field>
        <field name="Fournisseur">Digikey</field>
        <field name="Ref-Fournisseur">587-1293-1-ND</field>
        <field name="Unité de vente">1</field>
        <field name="Prix">0.15</field>
      </fields>
      <libsource lib="device" part="C"/>
      <sheetpath names="/" tstamps="/"/>
      <tstamp>570E38AA</tstamp>
    </comp>
    <comp ref="L2">
      <value>2,2H</value>
      <footprint>Choke_SMD:Choke_SMD_10.4x10.4_H4.8</footprint>
      <fields>
        <field name="manf#">SRP1270-2R2MCT-ND</field>
        <field name="Fabricant">Bourns</field>
        <field name="Ref-Fabricant">SRP1270-2R2M</field>
        <field name="Fournisseur">Digikey</field>
        <field name="Ref-Fournisseur">SRP1270-2R2MCT-ND</field>
        <field name="Unité de vente">1</field>
        <field name="Prix">1.23</field>
      </fields>
      <libsource lib="Alim-Robair-cache" part="INDUCTOR_SMALL"/>
      <sheetpath names="/" tstamps="/"/>
      <tstamp>570E38B6</tstamp>
    </comp>
    <comp ref="Rfb2-2">
      <value>53.6K</value>
      <footprint>Resistors_SMD:R_0805_HandSoldering</footprint>
      <fields>
        <field name="manf#">P73.2KCCT-ND</field>
        <field name="Fabricant">Panasonic</field>
        <field name="Ref-Fabricant">ERJ-6ENF7322V</field>
        <field name="Fournisseur">Digikey</field>
        <field name="Ref-Fournisseur">P73.2KCCT-ND</field>
        <field name="Unité de vente">1</field>
        <field name="Prix">0.09</field>
      </fields>
      <libsource lib="device" part="R"/>
      <sheetpath names="/" tstamps="/"/>
      <tstamp>570E38BC</tstamp>
    </comp>
    <comp ref="Rfb1-2">
      <value>10.2K</value>
      <footprint>Resistors_SMD:R_0805_HandSoldering</footprint>
      <fields>
        <field name="manf#">P10.0KCCT-ND</field>
        <field name="Fabricant">Panasonic</field>
        <field name="Ref-Fabricant">ERJ-6ENF1002V</field>
        <field name="Fournisseur">Digikey</field>
        <field name="Ref-Fournisseur">P10.0KCCT-ND</field>
        <field name="Unité de vente">1</field>
        <field name="Prix">0.09</field>
      </fields>
      <libsource lib="device" part="R"/>
      <sheetpath names="/" tstamps="/"/>
      <tstamp>570E38C2</tstamp>
    </comp>
    <comp ref="Cout-2">
      <value>47u</value>
      <footprint>Capacitors_SMD:C_1206_HandSoldering</footprint>
      <fields>
        <field name="manf#">490-4539-1-ND</field>
        <field name="Fabricant">Murata</field>
        <field name="Ref-Fabricant">GRM31CR60J107ME39L</field>
        <field name="Fournisseur">Digikey</field>
        <field name="Ref-Fournisseur">490-4539-1-ND</field>
        <field name="Unité de vente">1</field>
        <field name="Prix">0.97</field>
      </fields>
      <libsource lib="device" part="C"/>
      <sheetpath names="/" tstamps="/"/>
      <tstamp>570E38C8</tstamp>
    </comp>
    <comp ref="Cff-2">
      <value>2.2u</value>
      <footprint>Capacitors_SMD:C_0805_HandSoldering</footprint>
      <fields>
        <field name="manf#">311-1193-1-ND</field>
        <field name="Fabricant">Yageo</field>
        <field name="Ref-Fabricant">CC0805KRX7R9BB391</field>
        <field name="Fournisseur">Digikey</field>
        <field name="Ref-Fournisseur">311-1193-1-ND</field>
        <field name="Unité de vente">1</field>
        <field name="Prix">0.09</field>
      </fields>
      <libsource lib="device" part="C"/>
      <sheetpath names="/" tstamps="/"/>
      <tstamp>570E38D4</tstamp>
    </comp>
    <comp ref="P3">
      <value>Vbas5V</value>
      <footprint>Pin_Headers:Pin_Header_Straight_1x02_Pitch2.54mm</footprint>
      <fields>
        <field name="manf#">277-1667-ND</field>
        <field name="Fabricant">Phoenix Contact</field>
        <field name="Ref-Fabricant">1935161</field>
        <field name="Fournisseur">Digikey</field>
        <field name="Ref-Fournisseur">277-1667-ND</field>
        <field name="Unité de vente">1</field>
        <field name="Prix">0.33</field>
      </fields>
      <libsource lib="conn" part="CONN_01X02"/>
      <sheetpath names="/" tstamps="/"/>
      <tstamp>570E38DA</tstamp>
    </comp>
    <comp ref="U2">
      <value>LM3150</value>
      <footprint>Housings_SSOP:TSSOP-14_4.4x5mm_Pitch0.65mm</footprint>
      <datasheet>http://www.ti.com/lit/ds/symlink/lm3150.pdf</datasheet>
      <fields>
        <field name="manf#">Value</field>
        <field name="Fabricant">Texas</field>
        <field name="Ref-Fabricant">LM3150MH/NOPB</field>
        <field name="Fournisseur">Digikey</field>
        <field name="Ref-Fournisseur">LM3150MH/NOPB-ND</field>
        <field name="Unité de vente">1</field>
        <field name="Prix">3.61</field>
      </fields>
      <libsource lib="TexasInstruments" part="LM3150"/>
      <sheetpath names="/" tstamps="/"/>
      <tstamp>58E25F89</tstamp>
    </comp>
    <comp ref="Cbst-2">
      <value>470n</value>
      <footprint>Capacitors_SMD:C_0805_HandSoldering</footprint>
      <fields>
        <field name="manf#">587-1282-1-ND</field>
        <field name="Fabricant">Taiyo Yuden</field>
        <field name="Ref-Fabricant">EMK212B7474KD-T</field>
        <field name="Fournisseur">Digikey</field>
        <field name="Ref-Fournisseur">587-1282-1-ND</field>
        <field name="Unité de vente">1</field>
        <field name="Prix">0.1</field>
      </fields>
      <libsource lib="device" part="C"/>
      <sheetpath names="/" tstamps="/"/>
      <tstamp>58E2D8A9</tstamp>
    </comp>
    <comp ref="Rlim-2">
      <value>1.58K</value>
      <footprint>Resistors_SMD:R_0805_HandSoldering</footprint>
      <fields>
        <field name="manf#">P1.58KCCT-ND</field>
        <field name="Fabricant">Panasonic</field>
        <field name="Ref-Fabricant">ERJ-6ENF1581V</field>
        <field name="Fournisseur">Digikey</field>
        <field name="Ref-Fournisseur">P1.58KCCT-ND</field>
        <field name="Unité de vente">1</field>
        <field name="Prix">0.09</field>
      </fields>
      <libsource lib="device" part="R"/>
      <sheetpath names="/" tstamps="/"/>
      <tstamp>58E2DB13</tstamp>
    </comp>
    <comp ref="Q1">
      <value>CSD18504Q5A</value>
      <footprint>TO_SOT_Packages_SMD:TDSON-8-1_HandSoldering</footprint>
      <fields>
        <field name="manf#">296-30572-1-ND</field>
        <field name="Fabricant">Texas</field>
        <field name="Ref-Fabricant">CSD18504Q5A</field>
        <field name="Fournisseur">Digikey</field>
        <field name="Ref-Fournisseur">296-30572-1-ND</field>
        <field name="Unité de vente">1</field>
        <field name="Prix">0.94</field>
      </fields>
      <libsource lib="transistors" part="CSD18504Q5A"/>
      <sheetpath names="/" tstamps="/"/>
      <tstamp>58E2E2C2</tstamp>
    </comp>
    <comp ref="Q2">
      <value>CSD18531Q5A</value>
      <footprint>TO_SOT_Packages_SMD:TDSON-8-1_HandSoldering</footprint>
      <fields>
        <field name="manf#">Value</field>
        <field name="Fabricant">Texas</field>
        <field name="Ref-Fabricant">CSD18531Q5A</field>
        <field name="Fournisseur">Digikey</field>
        <field name="Ref-Fournisseur">296-41958-1-ND</field>
        <field name="Unité de vente">1</field>
        <field name="Prix">1.64</field>
      </fields>
      <libsource lib="transistors" part="CSD18531Q5A"/>
      <sheetpath names="/" tstamps="/"/>
      <tstamp>58E2E5FF</tstamp>
    </comp>
    <comp ref="P2">
      <value>Charge</value>
      <footprint>Connect:bornier2</footprint>
      <fields>
        <field name="Fabricant">Phoenix Contact</field>
        <field name="Ref-Fabricant">1935161</field>
        <field name="Fournisseur">Digikey</field>
        <field name="Ref-Fournisseur">277-1667-ND</field>
        <field name="Unité de vente">1</field>
        <field name="Prix">0.33</field>
        <field name="manf#">277-1667-ND</field>
      </fields>
      <libsource lib="conn" part="CONN_01X02"/>
      <sheetpath names="/" tstamps="/"/>
      <tstamp>58E273A6</tstamp>
    </comp>
    <comp ref="P4">
      <value>Switch</value>
      <footprint>Connect:bornier2</footprint>
      <fields>
        <field name="Fabricant">Phoenix Contact</field>
        <field name="Ref-Fabricant">1935161</field>
        <field name="Fournisseur">Digikey</field>
        <field name="Ref-Fournisseur">277-1667-ND</field>
        <field name="Unité de vente">1</field>
        <field name="Prix">0.33</field>
        <field name="manf#">277-1667-ND</field>
      </fields>
      <libsource lib="conn" part="CONN_01X02"/>
      <sheetpath names="/" tstamps="/"/>
      <tstamp>58E27441</tstamp>
    </comp>
    <comp ref="P5">
      <value>MD49</value>
      <footprint>Connect:bornier2</footprint>
      <fields>
        <field name="Fabricant">Phoenix Contact</field>
        <field name="Ref-Fabricant">1935161</field>
        <field name="Fournisseur">Digikey</field>
        <field name="Ref-Fournisseur">277-1667-ND</field>
        <field name="Unité de vente">1</field>
        <field name="Prix">0.33</field>
        <field name="manf#">277-1667-ND</field>
      </fields>
      <libsource lib="conn" part="CONN_01X02"/>
      <sheetpath names="/" tstamps="/"/>
      <tstamp>58E2751B</tstamp>
    </comp>
    <comp ref="J1">
      <value>GND-Arduino</value>
      <footprint>Pin_Headers:Pin_Header_Straight_1x01_Pitch2.54mm</footprint>
      <fields>
        <field name="manf#">Value</field>
        <field name="Fabricant">Value</field>
        <field name="Ref-Fabricant">Value</field>
        <field name="Fournisseur">Value</field>
        <field name="Ref-Fournisseur">Value</field>
        <field name="Unité de vente">Value</field>
        <field name="Prix">Value</field>
      </fields>
      <libsource lib="conn" part="CONN_01X01"/>
      <sheetpath names="/" tstamps="/"/>
      <tstamp>58E28C2F</tstamp>
    </comp>
    <comp ref="U3">
      <value>LM7812ACT</value>
      <footprint>TO_SOT_Packages_THT:TO-220_Vertical</footprint>
      <fields>
        <field name="manf#">Value</field>
        <field name="Fabricant">FairChild</field>
        <field name="Ref-Fabricant">LM7812CT</field>
        <field name="Fournisseur">Digikey</field>
        <field name="Ref-Fournisseur">LM7812CTFS-ND</field>
        <field name="Unité de vente">1</field>
        <field name="Prix">0,6</field>
      </fields>
      <libsource lib="regul" part="LM7812ACT"/>
      <sheetpath names="/" tstamps="/"/>
      <tstamp>58E2A0C4</tstamp>
    </comp>
    <comp ref="J2">
      <value>CONN_01X04</value>
      <footprint>Connect:bornier4</footprint>
      <fields>
        <field name="manf#">Value</field>
        <field name="Fabricant">Phoenix Contact</field>
        <field name="Ref-Fabricant">1729144</field>
        <field name="Fournisseur">Digikey</field>
        <field name="Ref-Fournisseur">277-1249-ND</field>
        <field name="Unité de vente">1</field>
        <field name="Prix">1.89</field>
      </fields>
      <libsource lib="conn" part="CONN_01X04"/>
      <sheetpath names="/" tstamps="/"/>
      <tstamp>58E2AFF9</tstamp>
    </comp>
    <comp ref="C1">
      <value>330n</value>
      <footprint>Capacitors_ThroughHole:C_Radial_D8_L13_P3.8</footprint>
      <fields>
        <field name="manf#">Value</field>
        <field name="Fabricant">Nichikon</field>
        <field name="Ref-Fabricant">UVR2AR33MDD1TD</field>
        <field name="Fournisseur">Digikey</field>
        <field name="Ref-Fournisseur">493-12825-1-ND</field>
        <field name="Unité de vente">1</field>
        <field name="Prix">0.21</field>
      </fields>
      <libsource lib="device" part="C"/>
      <sheetpath names="/" tstamps="/"/>
      <tstamp>58E2C2EA</tstamp>
    </comp>
    <comp ref="C2">
      <value>100n</value>
      <footprint>Capacitors_ThroughHole:C_Radial_D8_L13_P3.8</footprint>
      <fields>
        <field name="manf#">Value</field>
        <field name="Fabricant">Nichikon</field>
        <field name="Ref-Fabricant">UKW1H0R1MDD1TD</field>
        <field name="Fournisseur">Digikey</field>
        <field name="Ref-Fournisseur">493-10793-1-ND</field>
        <field name="Unité de vente">1</field>
        <field name="Prix">0.27</field>
      </fields>
      <libsource lib="device" part="C"/>
      <sheetpath names="/" tstamps="/"/>
      <tstamp>58E2C59D</tstamp>
    </comp>
  </components>
  <libparts>
    <libpart lib="device" part="C">
      <description>Unpolarized capacitor</description>
      <footprints>
        <fp>C_*</fp>
      </footprints>
      <fields>
        <field name="Reference">C</field>
        <field name="Value">C</field>
      </fields>
      <pins>
        <pin num="1" name="~" type="passive"/>
        <pin num="2" name="~" type="passive"/>
      </pins>
    </libpart>
    <libpart lib="conn" part="CONN_01X01">
      <description>Connector, single row, 01x01, pin header</description>
      <footprints>
        <fp>Pin_Header_Straight_1X*</fp>
        <fp>Pin_Header_Angled_1X*</fp>
        <fp>Socket_Strip_Straight_1X*</fp>
        <fp>Socket_Strip_Angled_1X*</fp>
      </footprints>
      <fields>
        <field name="Reference">J</field>
        <field name="Value">CONN_01X01</field>
      </fields>
      <pins>
        <pin num="1" name="P1" type="passive"/>
      </pins>
    </libpart>
    <libpart lib="conn" part="CONN_01X02">
      <description>Connector, single row, 01x02, pin header</description>
      <footprints>
        <fp>Pin_Header_Straight_1X*</fp>
        <fp>Pin_Header_Angled_1X*</fp>
        <fp>Socket_Strip_Straight_1X*</fp>
        <fp>Socket_Strip_Angled_1X*</fp>
      </footprints>
      <fields>
        <field name="Reference">J</field>
        <field name="Value">CONN_01X02</field>
      </fields>
      <pins>
        <pin num="1" name="P1" type="passive"/>
        <pin num="2" name="P2" type="passive"/>
      </pins>
    </libpart>
    <libpart lib="conn" part="CONN_01X04">
      <description>Connector, single row, 01x04, pin header</description>
      <footprints>
        <fp>Pin_Header_Straight_1X*</fp>
        <fp>Pin_Header_Angled_1X*</fp>
        <fp>Socket_Strip_Straight_1X*</fp>
        <fp>Socket_Strip_Angled_1X*</fp>
      </footprints>
      <fields>
        <field name="Reference">J</field>
        <field name="Value">CONN_01X04</field>
      </fields>
      <pins>
        <pin num="1" name="P1" type="passive"/>
        <pin num="2" name="P2" type="passive"/>
        <pin num="3" name="P3" type="passive"/>
        <pin num="4" name="P4" type="passive"/>
      </pins>
    </libpart>
    <libpart lib="transistors" part="CSD17578Q5A">
      <aliases>
        <alias>CSD17579Q5A</alias>
        <alias>CSD16570Q5B</alias>
        <alias>CSD17577Q5A</alias>
        <alias>CSD18509Q5B</alias>
        <alias>CSD18540Q5B</alias>
        <alias>CSD17573Q5B</alias>
        <alias>CSD17576Q5B</alias>
        <alias>CSD19534Q5A</alias>
        <alias>CSD17570Q5B</alias>
        <alias>CSD19533Q5A</alias>
        <alias>CSD19502Q5B</alias>
        <alias>CSD19532Q5B</alias>
        <alias>CSD19531Q5A</alias>
        <alias>CSD18563Q5A</alias>
        <alias>CSD18537NQ5A</alias>
        <alias>CSD18532NQ5B</alias>
        <alias>CSD17556Q5B</alias>
        <alias>CSD18502Q5B</alias>
        <alias>CSD18532Q5B</alias>
        <alias>CSD17552Q5A</alias>
        <alias>CSD17559Q5</alias>
        <alias>CSD18534Q5A</alias>
        <alias>CSD18533Q5A</alias>
        <alias>CSD17555Q5A</alias>
        <alias>CSD17551Q5A</alias>
        <alias>CSD18501Q5A</alias>
        <alias>CSD18503Q5A</alias>
        <alias>CSD18504Q5A</alias>
        <alias>CSD18531Q5A</alias>
        <alias>CSD17553Q5A</alias>
        <alias>CSD16342Q5A</alias>
        <alias>CSD17322Q5A</alias>
        <alias>CSD17327Q5A</alias>
        <alias>CSD17522Q5A</alias>
        <alias>CSD17527Q5A</alias>
        <alias>CSD17501Q5A</alias>
        <alias>CSD17506Q5A</alias>
        <alias>CSD17505Q5A</alias>
        <alias>CSD17507Q5A</alias>
        <alias>CSD17510Q5A</alias>
        <alias>CSD17311Q5</alias>
        <alias>CSD17312Q5</alias>
        <alias>CSD17303Q5</alias>
        <alias>CSD16415Q5</alias>
        <alias>CSD17302Q5A</alias>
        <alias>CSD17305Q5A</alias>
        <alias>CSD17306Q5A</alias>
        <alias>CSD17307Q5A</alias>
        <alias>CSD17310Q5A</alias>
        <alias>CSD17301Q5A</alias>
        <alias>CSD16408Q5</alias>
        <alias>CSD16322Q5</alias>
        <alias>CSD16325Q5</alias>
        <alias>CSD16321Q5</alias>
        <alias>CSD16414Q5</alias>
        <alias>CSD16401Q5</alias>
        <alias>CSD16403Q5A</alias>
        <alias>CSD16404Q5A</alias>
        <alias>CSD16407Q5</alias>
        <alias>CSD16410Q5A</alias>
        <alias>CSD16412Q5A</alias>
        <alias>CSD16413Q5A</alias>
        <alias>BSC026N08NS5ATMA1</alias>
        <alias>BSC030N08NS5ATMA1</alias>
        <alias>BSC035N10NS5ATMA1</alias>
        <alias>BSC037N08NS5ATMA1</alias>
        <alias>BSC040N10NS5ATMA1</alias>
        <alias>BSC040N08NS5ATMA1</alias>
        <alias>BSC046N10NS3GATMA1</alias>
        <alias>BSC047N08NS3GATMA1</alias>
        <alias>BSC052N08NS5ATMA1</alias>
        <alias>BSC057N08NS3GATMA1</alias>
        <alias>BSC060N10NS3GATMA1</alias>
        <alias>BSC061N08NS5ATMA1</alias>
        <alias>BSC070N10NS3GATMA1</alias>
        <alias>BSC070N10NS5ATMA1</alias>
        <alias>BSC072N08NS5ATMA1</alias>
        <alias>BSC079N10NSGATMA1</alias>
        <alias>BSC082N10LSGATMA1</alias>
        <alias>BSC098N10NS5ATMA1</alias>
        <alias>BSC100N10NSFGATMA1</alias>
        <alias>BSC105N10LSFGATMA1</alias>
        <alias>BSC109N10NS3GATMA1</alias>
        <alias>BSC117N08NS5ATMA1</alias>
        <alias>BSC118N10NSGATMA1</alias>
        <alias>BSC123N08NS3GATMA1</alias>
        <alias>BSC123N10LSGATMA1</alias>
        <alias>BSC159N10LSFGATMA1</alias>
        <alias>BSC160N10NS3GATMA1</alias>
        <alias>BSC196N10NSGATMA1</alias>
        <alias>BSC252N10NSFGATMA1</alias>
        <alias>BSC265N10LSFGATMA1</alias>
        <alias>BSC340N08NS3GATMA1</alias>
        <alias>BSC440N10NS3GATMA1</alias>
        <alias>BSC028N06LS3</alias>
      </aliases>
      <description>NexFET N-Channel Power MOSFET, Vds 30V, Rdson 6.9mOhm, Id 25A, Qg (typ) 7.9nC, SON8 5x6mm</description>
      <docs>http://www.ti.com/lit/gpn/csd17578q5a</docs>
      <footprints>
        <fp>TDSON*</fp>
      </footprints>
      <fields>
        <field name="Reference">Q</field>
        <field name="Value">CSD17578Q5A</field>
        <field name="Footprint">TO_SOT_Packages_SMD:TDSON-8-1</field>
      </fields>
      <pins>
        <pin num="1" name="S" type="passive"/>
        <pin num="2" name="S" type="passive"/>
        <pin num="3" name="S" type="passive"/>
        <pin num="4" name="G" type="passive"/>
        <pin num="5" name="D" type="passive"/>
      </pins>
    </libpart>
    <libpart lib="device" part="D_Schottky">
      <description>Schottky diode</description>
      <footprints>
        <fp>TO-???*</fp>
        <fp>*SingleDiode</fp>
        <fp>*_Diode_*</fp>
        <fp>*SingleDiode*</fp>
        <fp>D_*</fp>
      </footprints>
      <fields>
        <field name="Reference">D</field>
        <field name="Value">D_Schottky</field>
      </fields>
      <pins>
        <pin num="1" name="K" type="passive"/>
        <pin num="2" name="A" type="passive"/>
      </pins>
    </libpart>
    <libpart lib="Alim-Robair-cache" part="INDUCTOR_SMALL">
      <fields>
        <field name="Reference">L</field>
        <field name="Value">INDUCTOR_SMALL</field>
      </fields>
      <pins>
        <pin num="1" name="1" type="input"/>
        <pin num="2" name="2" type="input"/>
      </pins>
    </libpart>
    <libpart lib="TexasInstruments" part="LM3150">
      <description>Wide-Vin Synchronous Buck SMPS Controller</description>
      <fields>
        <field name="Reference">U</field>
        <field name="Value">LM3150</field>
        <field name="Footprint">IPC7351-Nominal:SOP65P640X120-15</field>
        <field name="Datasheet">http://www.ti.com/lit/ds/symlink/lm3150.pdf</field>
        <field name="MPN">LM3150MH</field>
        <field name="Manuf">TI</field>
        <field name="BOM">TI LM3150MH</field>
      </fields>
      <pins>
        <pin num="1" name="Vcc" type="power_out"/>
        <pin num="2" name="Vin" type="power_in"/>
        <pin num="3" name="En" type="input"/>
        <pin num="4" name="FB" type="input"/>
        <pin num="5" name="SGND" type="power_in"/>
        <pin num="6" name="SS" type="input"/>
        <pin num="7" name="RON" type="input"/>
        <pin num="8" name="Ilim" type="input"/>
        <pin num="9" name="SGND" type="power_in"/>
        <pin num="10" name="SW" type="power_out"/>
        <pin num="11" name="HG" type="output"/>
        <pin num="12" name="BOOT" type="input"/>
        <pin num="13" name="LG" type="input"/>
        <pin num="14" name="PGND" type="power_in"/>
        <pin num="15" name="SGND" type="power_in"/>
      </pins>
    </libpart>
    <libpart lib="regul" part="LM7805CT">
      <aliases>
        <alias>LM7806CT</alias>
        <alias>LM7808CT</alias>
        <alias>LM7809CT</alias>
        <alias>LM7810CT</alias>
        <alias>LM7812CT</alias>
        <alias>LM7815CT</alias>
        <alias>LM7818CT</alias>
        <alias>LM7824CT</alias>
        <alias>LM7806ACT</alias>
        <alias>LM7808ACT</alias>
        <alias>LM7809ACT</alias>
        <alias>LM7810ACT</alias>
        <alias>LM7812ACT</alias>
        <alias>LM7815ACT</alias>
        <alias>LM7818ACT</alias>
        <alias>LM7824ACT</alias>
      </aliases>
      <description>Positive 1A 35V Linear Regulator, Fixed Output 5V, TO-220</description>
      <docs>http://www.fairchildsemi.com/ds/LM/LM7805.pdf</docs>
      <footprints>
        <fp>TO*</fp>
      </footprints>
      <fields>
        <field name="Reference">U</field>
        <field name="Value">LM7805CT</field>
        <field name="Footprint">TO_SOT_Packages_THT:TO-220_Vertical</field>
      </fields>
      <pins>
        <pin num="1" name="IN" type="input"/>
        <pin num="2" name="GND" type="power_in"/>
        <pin num="3" name="OUT" type="power_out"/>
      </pins>
    </libpart>
    <libpart lib="device" part="R">
      <description>Resistor</description>
      <footprints>
        <fp>R_*</fp>
        <fp>R_*</fp>
      </footprints>
      <fields>
        <field name="Reference">R</field>
        <field name="Value">R</field>
      </fields>
      <pins>
        <pin num="1" name="~" type="passive"/>
        <pin num="2" name="~" type="passive"/>
      </pins>
    </libpart>
    <libpart lib="tps54332" part="TPS54332">
      <fields>
        <field name="Reference">U</field>
        <field name="Value">TPS54332</field>
      </fields>
      <pins>
        <pin num="1" name="BOOT" type="input"/>
        <pin num="2" name="Vin" type="input"/>
        <pin num="3" name="EN" type="input"/>
        <pin num="4" name="SS" type="input"/>
        <pin num="5" name="VSENSE" type="input"/>
        <pin num="6" name="COMP" type="input"/>
        <pin num="7" name="GND" type="input"/>
        <pin num="8" name="PH" type="input"/>
        <pin num="9" name="PWRPD" type="input"/>
      </pins>
    </libpart>
  </libparts>
  <libraries>
    <library logical="device">
      <uri>/usr/share/kicad/library/device.lib</uri>
    </library>
    <library logical="transistors">
      <uri>/usr/share/kicad/library/transistors.lib</uri>
    </library>
    <library logical="conn">
      <uri>/usr/share/kicad/library/conn.lib</uri>
    </library>
    <library logical="regul">
      <uri>/usr/share/kicad/library/regul.lib</uri>
    </library>
    <library logical="tps54332">
      <uri>/home/kakoux/Elec-Ampli/LibKicad/tps54332.lib</uri>
    </library>
    <library logical="Alim-Robair-cache">
      <uri>/home/kakoux/Phelma/FabLab/robair/AlimTexas/Alim-Robair-V2/Alim-Robair-cache.lib</uri>
    </library>
    <library logical="TexasInstruments">
      <uri>/home/kakoux/Elec-Ampli/LibKicad/Texas/TexasInstruments.lib</uri>
    </library>
  </libraries>
  <nets>
    <net code="1" name="Net-(Q1-Pad4)">
      <node ref="U2" pin="11"/>
      <node ref="Q1" pin="4"/>
    </net>
    <net code="2" name="Net-(Cbst-2-Pad2)">
      <node ref="U2" pin="12"/>
      <node ref="Cbst-2" pin="2"/>
    </net>
    <net code="3" name="Net-(Cvcc-2-Pad2)">
      <node ref="Cvcc-2" pin="2"/>
      <node ref="U2" pin="1"/>
    </net>
    <net code="4" name="Net-(Cbst-2-Pad1)">
      <node ref="U2" pin="10"/>
      <node ref="Cbst-2" pin="1"/>
      <node ref="Q2" pin="5"/>
      <node ref="Q2" pin="5"/>
      <node ref="Q2" pin="5"/>
      <node ref="Rlim-2" pin="1"/>
      <node ref="Q1" pin="1"/>
      <node ref="Q1" pin="3"/>
      <node ref="Q1" pin="2"/>
      <node ref="L2" pin="1"/>
    </net>
    <net code="5" name="Net-(Rlim-2-Pad2)">
      <node ref="U2" pin="8"/>
      <node ref="Rlim-2" pin="2"/>
    </net>
    <net code="6" name="Net-(Cff-2-Pad1)">
      <node ref="Rfb2-2" pin="2"/>
      <node ref="U2" pin="4"/>
      <node ref="Rfb1-2" pin="1"/>
      <node ref="Cff-2" pin="1"/>
    </net>
    <net code="7" name="Net-(Css-2-Pad1)">
      <node ref="U2" pin="6"/>
      <node ref="Css-2" pin="1"/>
    </net>
    <net code="8" name="Net-(Ron-2-Pad1)">
      <node ref="Ron-2" pin="1"/>
      <node ref="U2" pin="7"/>
    </net>
    <net code="9" name="/Vout5">
      <node ref="J2" pin="1"/>
      <node ref="Rfb2-2" pin="1"/>
      <node ref="L2" pin="2"/>
      <node ref="P3" pin="1"/>
      <node ref="Cout-2" pin="2"/>
      <node ref="Cff-2" pin="2"/>
    </net>
    <net code="10" name="/Vout19">
      <node ref="Cfilter-1" pin="2"/>
      <node ref="Lfilter-1" pin="2"/>
      <node ref="J2" pin="2"/>
    </net>
    <net code="11" name="/Vin">
      <node ref="P5" pin="1"/>
      <node ref="P2" pin="1"/>
      <node ref="Q1" pin="5"/>
      <node ref="P1" pin="1"/>
      <node ref="U1" pin="2"/>
      <node ref="U2" pin="2"/>
      <node ref="Q1" pin="5"/>
      <node ref="Q1" pin="5"/>
      <node ref="P4" pin="1"/>
      <node ref="Cin-1" pin="1"/>
      <node ref="U3" pin="1"/>
      <node ref="C1" pin="1"/>
      <node ref="Cin-2" pin="1"/>
      <node ref="Ron-2" pin="2"/>
      <node ref="Cbyp-2" pin="1"/>
    </net>
    <net code="12" name="/Vout12">
      <node ref="C2" pin="1"/>
      <node ref="U3" pin="3"/>
      <node ref="J2" pin="3"/>
    </net>
    <net code="13" name="GND">
      <node ref="U1" pin="9"/>
      <node ref="P1" pin="2"/>
      <node ref="U1" pin="7"/>
      <node ref="Cin-1" pin="2"/>
      <node ref="Ccomp2-1" pin="2"/>
      <node ref="Ccomp-1" pin="2"/>
      <node ref="Css-1" pin="2"/>
      <node ref="Q2" pin="1"/>
      <node ref="U2" pin="5"/>
      <node ref="Cbyp-2" pin="2"/>
      <node ref="U2" pin="9"/>
      <node ref="Cin-2" pin="2"/>
      <node ref="U2" pin="15"/>
      <node ref="Css-2" pin="2"/>
      <node ref="Q2" pin="3"/>
      <node ref="Q2" pin="2"/>
      <node ref="Cvcc-2" pin="1"/>
      <node ref="U2" pin="14"/>
      <node ref="P3" pin="2"/>
      <node ref="Cout-2" pin="1"/>
      <node ref="Rfb1-2" pin="2"/>
      <node ref="C1" pin="2"/>
      <node ref="P4" pin="2"/>
      <node ref="P2" pin="2"/>
      <node ref="J1" pin="1"/>
      <node ref="J2" pin="4"/>
      <node ref="U3" pin="2"/>
      <node ref="C2" pin="2"/>
      <node ref="D1-1" pin="2"/>
      <node ref="Cout-1" pin="1"/>
      <node ref="Cfilter-1" pin="1"/>
      <node ref="Rfbb-1" pin="2"/>
      <node ref="P5" pin="2"/>
    </net>
    <net code="14" name="Net-(Q2-Pad4)">
      <node ref="U2" pin="13"/>
      <node ref="Q2" pin="4"/>
    </net>
    <net code="15" name="Net-(Cboot-1-Pad1)">
      <node ref="U1" pin="8"/>
      <node ref="Cboot-1" pin="1"/>
      <node ref="D1-1" pin="1"/>
      <node ref="L1-1" pin="1"/>
    </net>
    <net code="16" name="Net-(Cboot-1-Pad2)">
      <node ref="U1" pin="1"/>
      <node ref="Cboot-1" pin="2"/>
    </net>
    <net code="17" name="Net-(Cout-1-Pad2)">
      <node ref="Rfbt-1" pin="1"/>
      <node ref="Lfilter-1" pin="1"/>
      <node ref="Cout-1" pin="2"/>
      <node ref="L1-1" pin="2"/>
    </net>
    <net code="18" name="Net-(Css-1-Pad1)">
      <node ref="Css-1" pin="1"/>
      <node ref="U1" pin="4"/>
    </net>
    <net code="19" name="Net-(U1-Pad3)">
      <node ref="U1" pin="3"/>
    </net>
    <net code="20" name="Net-(Ccomp-1-Pad1)">
      <node ref="Ccomp-1" pin="1"/>
      <node ref="Rcomp-1" pin="2"/>
    </net>
    <net code="21" name="Net-(Ccomp2-1-Pad1)">
      <node ref="U1" pin="6"/>
      <node ref="Rcomp-1" pin="1"/>
      <node ref="Ccomp2-1" pin="1"/>
    </net>
    <net code="22" name="Net-(U2-Pad3)">
      <node ref="U2" pin="3"/>
    </net>
    <net code="23" name="Net-(Rfbb-1-Pad1)">
      <node ref="U1" pin="5"/>
      <node ref="Rfbt-1" pin="2"/>
      <node ref="Rfbb-1" pin="1"/>
    </net>
  </nets>
</export>
