Reference, Value, Footprint, Datasheet, Fabricant, Ref-Fabricant, Fournisseur, Ref-Fournisseur, Unité de vente, Prix, manf#
Cin-1,4.7u,Capacitors_SMD:C_1210_HandSoldering,,Murata,GRM32ER71H475KA88L,Digikey,490-1864-1-ND,1,1.05,490-1864-1-ND
Ccomp2-1,7p,Capacitors_SMD:C_1206_HandSoldering,,Yageo,CC0805DRNPO9BN7R0,Digikey,311-1096-1-ND,1,0.09,311-1096-1-ND
Ccomp-1,330p,Capacitors_SMD:C_1206_HandSoldering,,Samsung,CL31C331JBCNNNC,Digikey,1276-1846-1-ND,1,0.17,1276-1846-1-ND
Css-1,8.2n,Capacitors_SMD:C_1206_HandSoldering,,Yageo,CC1206KRX7R9BB822,Digikey,311-1211-1-ND,1,0.17,311-1211-1-ND
Rcomp-1,66.5K,Resistors_SMD:R_1206_HandSoldering,,Vishay Dale,CRCW120666K5FKEA,Digikey,541-66.5KFCT-ND,1,0.09,541-66.5KFCT-ND
P1,Batt,Connect:bornier2,,Phoenix Contact,1935161,Digikey,277-1667-ND,1,0.33,277-1667-ND
U1,TPS54332,kic:Reg--TI--TPS54527DDAR,,Texas Instruments,TPS54332DDAR,Digikey,296-39420-1-ND,1,1.79,296-39420-1-ND
Cboot-1,100n,Capacitors_SMD:C_1206_HandSoldering,,Wurth,885012208009,Digikey,732-8086-1-ND,1,0.22,732-8086-1-ND
D1-1,D_Schottky,Diodes_SMD:SOD-123,,Diodes Inc.,1N5819HW-7-F ,Digikey,1N5819HW-FDICT-ND,1,0.39,1N5819HW-FDICT-ND
L1-1,5.6u,Choke_SMD:Choke_SMD_6.3x6.3_H3,,Bourns,SRP5030T-5R6M ,Digikey,SRP5030T-5R6MCT-ND,1,1.17,SRP5030T-5R6MCT-ND
Rfbt-1,10.2K,Resistors_SMD:R_1206_HandSoldering,,Vishay Dale,CRCW120610K2FKEA,Digikey,541-10.2KFCT-ND,1,0.09,541-10.2KFCT-ND
Rfbb-1,453,Resistors_SMD:R_1206_HandSoldering,,Vishay Dale,CRCW1206453RFKEA,Farnell,541-453FCT-ND,1,0.09,541-453FCT-ND
Cout-1,10u,Capacitors_SMD:C_1210_HandSoldering,,Murata,GRM32ER7YA106KA12L,Digikey,490-5314-1-ND,1,0.79,490-5314-1-ND
Lfilter-1,100n,Choke_SMD:Choke_SMD_12x12mm_h4.5mm,,Wurth Electronics Inc ,744304010,Digikey,732-3705-1-ND,1,2.26,732-3705-1-ND
Cfilter-1,1u,Capacitors_SMD:C_1206_HandSoldering,,Murata,GRM31MR71H105KA88L,Digikey,490-6527-1-ND,1,0.17,490-6527-1-ND
Cin-2,15u,Capacitors_SMD:C_0805_HandSoldering,,Murata,C2012X5R1V156M125AC,Digikey,445-14423-1-ND,1,0.7,445-14423-1-ND
Cbyp-2,100n,Capacitors_SMD:C_0805_HandSoldering,,Kamet,C0805C104K5RACTU,Digikey,399-1170-1-ND,1,0.09,399-1170-1-ND
Css-2,15nF,Capacitors_SMD:C_0805_HandSoldering,,Yageo,CC0805KRX7R9BB153,Digikey,311-1143-1-ND,1,0.09,311-1143-1-ND
Ron-2,75K,Resistors_SMD:R_0805_HandSoldering,,Panasonic,ERJ-6ENF7502V,Digikey,P75.0KCCT-ND,1,0.09,P75.0KCCT-ND
Cvcc-2,2,2u,Capacitors_SMD:C_0805_HandSoldering,,TDK,EMK212BJ225KG-T,Digikey,587-1293-1-ND,1,0.15,587-1293-1-ND
L2,2,2H,Choke_SMD:Choke_SMD_10.4x10.4_H4.8,,Bourns,SRP1270-2R2M,Digikey,SRP1270-2R2MCT-ND,1,1.23,SRP1270-2R2MCT-ND
Rfb2-2,53.6K,Resistors_SMD:R_0805_HandSoldering,,Panasonic,ERJ-6ENF7322V,Digikey,P73.2KCCT-ND,1,0.09,P73.2KCCT-ND
Rfb1-2,10.2K,Resistors_SMD:R_0805_HandSoldering,,Panasonic,ERJ-6ENF1002V,Digikey,P10.0KCCT-ND,1,0.09,P10.0KCCT-ND
Cout-2,47u,Capacitors_SMD:C_1206_HandSoldering,,Murata,GRM31CR60J107ME39L,Digikey,490-4539-1-ND,1,0.97,490-4539-1-ND
Cff-2,2.2u,Capacitors_SMD:C_0805_HandSoldering,,Yageo,CC0805KRX7R9BB391,Digikey,311-1193-1-ND,1,0.09,311-1193-1-ND
P3,Vbas5V,Pin_Headers:Pin_Header_Straight_1x02_Pitch2.54mm,,Phoenix Contact,1935161,Digikey,277-1667-ND,1,0.33,277-1667-ND
U2,LM3150,Housings_SSOP:TSSOP-14_4.4x5mm_Pitch0.65mm,http://www.ti.com/lit/ds/symlink/lm3150.pdf,Texas,LM3150MH/NOPB,Digikey,LM3150MH/NOPB-ND,1,3.61,Value
Cbst-2,470n,Capacitors_SMD:C_0805_HandSoldering,,Taiyo Yuden,EMK212B7474KD-T,Digikey,587-1282-1-ND,1,0.1,587-1282-1-ND
Rlim-2,1.58K,Resistors_SMD:R_0805_HandSoldering,,Panasonic,ERJ-6ENF1581V,Digikey,P1.58KCCT-ND,1,0.09,P1.58KCCT-ND
Q1,CSD18504Q5A,TO_SOT_Packages_SMD:TDSON-8-1_HandSoldering,,Texas,CSD18504Q5A,Digikey,296-30572-1-ND,1,0.94,296-30572-1-ND
Q2,CSD18531Q5A,TO_SOT_Packages_SMD:TDSON-8-1_HandSoldering,,Texas,CSD18531Q5A,Digikey,296-41958-1-ND,1,1.64,Value
P2,Charge,Connect:bornier2,,Phoenix Contact,1935161,Digikey,277-1667-ND,1,0.33,277-1667-ND
P4,Switch,Connect:bornier2,,Phoenix Contact,1935161,Digikey,277-1667-ND,1,0.33,277-1667-ND
P5,MD49,Connect:bornier2,,Phoenix Contact,1935161,Digikey,277-1667-ND,1,0.33,277-1667-ND
J1,GND-Arduino,Pin_Headers:Pin_Header_Straight_1x01_Pitch2.54mm,,Value,Value,Value,Value,Value,Value,Value
U3,LM7812ACT,TO_SOT_Packages_THT:TO-220_Vertical,,FairChild,LM7812CT,Digikey,LM7812CTFS-ND,1,0,6,Value
J2,CONN_01X04,Connect:bornier4,,Phoenix Contact,1729144,Digikey,277-1249-ND,1,1.89,Value
C1,330n,Capacitors_ThroughHole:C_Radial_D8_L13_P3.8,,Nichikon,UVR2AR33MDD1TD,Digikey,493-12825-1-ND,1,0.21,Value
C2,100n,Capacitors_ThroughHole:C_Radial_D8_L13_P3.8,,Nichikon,UKW1H0R1MDD1TD,Digikey,493-10793-1-ND,1,0.27,Value
